/*----------------------------------------------------------------------------------------------------------*/
/*Insertando datos en la tabla `rol`------------------------------------------------------------------------*/
/*----------------------------------------------------------------------------------------------------------*/
INSERT INTO `rol` (`Codigo`, `Nombre`)
VALUES 
(1, 'Cliente'),
(2, 'Empleado'),
(3, 'Administrador');
/*----------------------------------------------------------------------------------------------------------*/
/*Insertando datos en la tabla `persona`--------------------------------------------------------------------*/
/*----------------------------------------------------------------------------------------------------------*/
INSERT INTO `persona` (`Identificacion`, `Nombres`, `Apellidos`, `Direccion`, `Telefono`, `Email`)
VALUES 
(1, 'Juan', 'Pérez', 'Calle Falsa 123', '555-1234', 'juan.perez@example.com'),
(2, 'María', 'Gómez', 'Avenida Siempre Viva 456', '555-5678', 'maria.gomez@example.com'),
(3, 'Pedro', 'Ramírez', 'Boulevard de los Sueños 789', '555-9876', 'pedro.ramirez@example.com');
/*----------------------------------------------------------------------------------------------------------*/
/*Insertando datos en la tabla `cliente`--------------------------------------------------------------------*/
/*----------------------------------------------------------------------------------------------------------*/
INSERT INTO `cliente` (`ClienteID`, `PersonaID`, `FechaRegistro`, `RolID`)
VALUES 
(1, 1, '2023-08-01 10:00:00', 1),
(2, 2, '2023-08-02 11:00:00', 1);
/*----------------------------------------------------------------------------------------------------------*/
/*Insertando datos en la tabla `empleado`-------------------------------------------------------------------*/
/*----------------------------------------------------------------------------------------------------------*/
INSERT INTO `empleado` (`EmpleadoID`, `PersonaID`, `FechaContratacion`, `RolID`)
VALUES 
(1, 3, '2023-07-15 09:00:00', 2);
/*----------------------------------------------------------------------------------------------------------*/
/*Insertando datos en la tabla `producto`-------------------------------------------------------------------*/
/*----------------------------------------------------------------------------------------------------------*/
INSERT INTO `producto` (`ProductoID`, `Nombre`, `Precio`, `Talla`, `Color`, `Stock`)
VALUES 
(1, 'Camiseta', 19.99, 'M', 'Rojo', 50),
(2, 'Pantalones', 39.99, 'L', 'Azul', 30),
(3, 'Zapatos', 59.99, '42', 'Negro', 20);
/*Insertando datos en la tabla `compra`*/
INSERT INTO `compra` (`CompraID`, `ClienteID`, `EmpleadoID`, `Fecha`, `Total`, `OrdenCompra`)
VALUES 
(1, 1, 1, '2023-08-10 14:00:00', 119.97, 'ORD-0001');
/*----------------------------------------------------------------------------------------------------------*/
/*Insertando datos en la tabla `compradetalle`--------------------------------------------------------------*/
/*----------------------------------------------------------------------------------------------------------*/
INSERT INTO `compradetalle` (`CompraID`, `ProductoID`, `Cantidad`)
VALUES 
(1, 1, 2),
(1, 2, 1);
/*----------------------------------------------------------------------------------------------------------*/
/*Insertando datos en la tabla `pedido`---------------------------------------------------------------------*/
/*----------------------------------------------------------------------------------------------------------*/
INSERT INTO `pedido` (`PedidoID`, `CompraID`, `Fecha`, `IVA`, `Total`)
VALUES 
(1, 1, '2023-08-10 15:00:00', 19.19, 139.16);
/*----------------------------------------------------------------------------------------------------------*/
/*Insertando datos en la tabla `credencial`-----------------------------------------------------------------*/
/*----------------------------------------------------------------------------------------------------------*/
INSERT INTO `credencial` (`CredencialID`, `PersonaID`, `Correo`, `Contrasena`)
VALUES 
(1, 1, 'juan.perez@example.com', 'password123'),
(2, 2, 'maria.gomez@example.com', 'password456'),
(3, 3, 'pedro.ramirez@example.com', 'password789');
/*----------------------------------------------------------------------------------------------------------*/
/*Insertando datos en la tabla `proveedor`------------------------------------------------------------------*/
/*----------------------------------------------------------------------------------------------------------*/
INSERT INTO `proveedor` (`ProveedorID`, `Nombre`, `Direccion`, `Telefono`, `Email`, `CalidadProducto`, `CantidadSuministrada`)
VALUES 
(1, 'Proveedor A', 'Calle Comercio 101', '555-0001', 'contacto@proveedora.com', 'Alta', 100),
(2, 'Proveedor B', 'Avenida Industrial 202', '555-0002', 'ventas@proveedorb.com', 'Media', 200);
/*----------------------------------------------------------------------------------------------------------*/
/*Insertando datos en la tabla `productoproveedor`----------------------------------------------------------*/
/*----------------------------------------------------------------------------------------------------------*/
INSERT INTO `productoproveedor` (`ProductoID`, `ProveedorID`)
VALUES 
(1, 1),
(2, 1),
(3, 2);